id,filler%,speaker_balance,total_word_count,word_length_2,word_length_3,word_length_4,word_length_5,word_length_6,word_length_7,8+ words,average_sentence_sentiment,minimum_sentence_sentiment,maximum_sentence_sentiment,similarity,interviewer_length,interviewee_length,ratio,cluster
p10,0.12462612163509472,0.9011680143755616,428,0.18691588785046728,0.077102804,0.17990654205607476,0.14485981308411214,0.1378504672897196,0.081775701,0.19158878504672897,0.20700192307692306,-0.7278,0.9228,0.8687514066696167,586,5304,9.051194539249147,4
p11,0.073684211,0.8950201884253028,279,0.046594982,0.12186379928315412,0.13620071684587814,0.17921146953405018,0.11469534050179211,0.1111111111111111,0.2903225806451613,0.2092516129032258,-0.3612,0.9022,0.8228699564933777,409,3638,8.894865526,2
p12,0.087458746,0.8499298737727911,221,0.058823529411764705,0.10407239819004525,0.33031674208144796,0.18099547511312217,0.10407239819004525,0.081447964,0.14027149321266968,0.18312799999999999,-0.4082,0.9633,0.8938734531402588,555,2976,5.3621621621621625,1
p13,0.10124333925399645,0.8742236024844721,228,0.070175439,0.14473684210526316,0.16666666666666666,0.074561404,0.19736842105263158,0.12280701754385964,0.2236842105263158,0.15438636363636363,-0.8392,0.8979,0.813808262,411,3110,7.566909976,4
p14,0.07962963,0.8823529411764706,210,0.057142857,0.1,0.24285714285714285,0.12380952380952381,0.13333333333333333,0.09047619,0.2523809523809524,0.24273636363636367,-0.4215,0.8379,0.8253383636474609,393,2853,7.259541984732825,3
p15,0.14165890027958994,0.8911960132890365,438,0.15296803652968036,0.073059361,0.2922374429223744,0.082191781,0.14840182648401826,0.073059361,0.1780821917808219,0.290637037,-0.5423,0.9325,0.9011079668998718,680,5556,8.170588235294117,2
p16,0.1168,0.8790436005625879,263,0.026615969581749048,0.08365019,0.2889733840304182,0.11406844106463879,0.16730038022813687,0.098859316,0.22053231939163498,0.29471864406779663,-0.3612,0.9687,0.842194676,448,3268,7.294642857142857,4
p17,0.12598425196850394,0.8410596026490066,199,0.22110552763819097,0.08040201,0.18592964824120603,0.1507537688442211,0.11055276381909548,0.090452261,0.16080402010050251,0.21430847457627117,-0.7096,0.9001,0.8936744332313538,531,2655,5,2
p20,0.094117647,0.8095238095238095,175,0.13142857142857142,0.068571429,0.2342857142857143,0.12571428571428572,0.13714285714285715,0.085714286,0.21714285714285714,0.16404791666666665,-0.4019,0.8717,0.8864550590515137,531,2272,4.278719397363465,0
p21,0.1687116564417178,0.9097674418604651,427,0.1686182669789227,0.053864168618266976,0.30679156908665106,0.13817330210772832,0.091334895,0.084309133,0.15690866510538642,0.37914444444444445,-0.5994,0.9757,0.8540952205657959,517,4976,9.624758220502901,4
p22,0.043032787,0.8531468531468531,188,0.069148936,0.053191489,0.1595744680851064,0.14893617021276595,0.14893617021276595,0.1276595744680851,0.2925531914893617,0.19309056603773586,-0.765,0.9217,0.8224374651908875,444,2770,6.238738738738738,0
p24,0.093579978,0.8905038759689923,345,0.046376812,0.095652174,0.32753623188405795,0.15942028985507245,0.13623188405797101,0.075362319,0.15942028985507245,0.21895000000000003,-0.3612,0.9127,0.878381073,616,4824,7.8311688311688314,3
p25,0.11717171717171718,0.8519793459552496,208,0.1971153846153846,0.048076923,0.1971153846153846,0.1346153846153846,0.14903846153846154,0.086538462,0.1875,0.1219909090909091,-0.6369,0.9366,0.8306866884231567,444,2661,5.993243243243243,4
p27,0.080213904,0.8366890380313199,171,0.14619883040935672,0.035087719,0.1871345029239766,0.13450292397660818,0.040935673,0.099415205,0.3567251461988304,0.10053939393939394,-0.5267,0.8047,0.8202061653137207,382,2203,5.767015706806283,0
p29,0.1085899513776337,0.9033674963396779,247,0.10526315789473684,0.064777328,0.2874493927125506,0.1214574898785425,0.12955465587044535,0.10121457489878542,0.1902834008097166,0.28671538461538465,-0.4019,0.886,0.8389612436294556,348,3185,9.152298850574713,3
p3,0.14817629179331307,0.9132546842470507,546,0.027472527472527472,0.22893772893772893,0.22527472527472528,0.14652014652014653,0.11355311355311355,0.097069597,0.16117216117216118,0.13535999999999998,-0.5563,0.9267,0.8612308502197266,722,6703,9.283933518,4
p30,0.066666667,0.753968254,111,0.13513513513513514,0.10810810810810811,0.24324324324324326,0.11711711711711711,0.16216216216216217,0.09009009,0.14414414414414414,0.12890967741935483,-0.5216,0.8655,0.9036863446235657,490,1466,2.9918367346938775,1
p31,0.070077864,0.8848425196850394,351,0.085470085,0.042735042735042736,0.22507122507122507,0.1339031339031339,0.15669515669515668,0.1225071225071225,0.2336182336182336,0.29124262295081965,-0.3612,0.9448,0.9036438465118408,612,4834,7.898692810457517,3
p32,0.10890052356020942,0.9043560606060606,352,0.13352272727272727,0.068181818,0.21022727272727273,0.099431818,0.17613636363636365,0.11079545454545454,0.20170454545454544,0.30822391304347824,-0.4215,0.9361,0.8508981466293335,505,4890,9.683168316831683,1
p33,0.17300131061598953,0.8997641509433962,330,0.15757575757575756,0.051515151515151514,0.3090909090909091,0.1303030303030303,0.096969697,0.078787879,0.17575757575757575,0.26616833333333334,-0.507,0.9939,0.7828413248062134,450,4041,8.98,4
p34,0.059183673,0.9342230695900858,368,0.010869565217391304,0.08423913,0.25,0.1358695652173913,0.1983695652173913,0.11684782608695653,0.20380434782608695,0.2837127659574468,-0.5267,0.9307,0.844765842,358,5233,14.61731843575419,3
p35,0.08566108,0.8564593301435407,200,0.1,0.1,0.245,0.135,0.12,0.1,0.2,0.2133846153846154,-0.3612,0.7717,0.8252708911895752,461,2748,5.960954446854664,2
p37,0.085769981,0.8621848739495799,223,0.1031390134529148,0.17040358744394618,0.25112107623318386,0.076233184,0.085201794,0.12556053811659193,0.18834080717488788,0.25635,-0.4767,0.9382,0.8205614686012268,423,2654,6.274231678486998,3
p4,0.1507607192254495,0.904881101,312,0.022435897435897436,0.2564102564102564,0.1891025641025641,0.11217948717948718,0.096153846,0.10256410256410256,0.22115384615384615,0.17359,-0.6369,0.7506,0.7981259822845459,404,3688,9.128712871287128,4
p42,0.099457505,0.8667711598746082,437,0.12814645308924486,0.086956522,0.2402745995423341,0.12356979405034325,0.16018306636155608,0.073226545,0.18764302059496568,0.21120632911392406,-0.4717,0.9412,0.9207062721252441,884,5648,6.389140271493213,3
p43,0.091262136,0.8293075684380032,200,0.06,0.13,0.235,0.14,0.125,0.105,0.205,0.24936279069767442,-0.4019,0.8126,0.925555944,544,2772,5.095588235294118,1
p44,0.05781866,0.882830626,313,0.079872204,0.073482428,0.2108626198083067,0.13738019169329074,0.1182108626198083,0.14376996805111822,0.2364217252396166,0.24920754716981133,-0.6597,0.8718,0.87577939,516,4087,7.920542635658915,0
p45,0.084199584,0.8882733148661126,373,0.08310992,0.077747989,0.28150134048257375,0.17158176943699732,0.13136729222520108,0.067024129,0.1876675603217158,0.3460968253968254,-0.296,0.8624,0.935651422,647,5098,7.879443585780526,2
p47,0.1056701030927835,0.7362428842504743,175,0.051428571,0.10857142857142857,0.35428571428571426,0.10285714285714286,0.12,0.074285714,0.18857142857142858,0.2701911111111111,-0.4201,0.9267,0.938861609,753,2072,2.751660026560425,2
p48,0.11543624161073826,0.8592848904267589,268,0.078358209,0.089552239,0.29850746268656714,0.15671641791044777,0.15298507462686567,0.082089552,0.1417910447761194,0.3681378378378378,-0.5859,0.8977,0.8135084509849548,616,3791,6.154220779220779,1
p49,0.069402985,0.9222298692360633,469,0.042643923240938165,0.11513859275053305,0.2260127931769723,0.14498933901918976,0.13646055437100213,0.089552239,0.24520255863539445,0.17847719298245612,-0.8431,0.9052,0.9080609083175659,575,7152,12.438260869565218,2
p5,0.027160493827160494,0.8635394456289979,151,0.039735099337748346,0.052980132450331126,0.2119205298013245,0.152317881,0.12582781456953643,0.11920529801324503,0.2980132450331126,0.15149200000000002,-0.5849,0.8834,0.8177158832550049,328,2139,6.521341463414634,3
p50,0.044471154,0.9213732004429679,305,0.019672131147540985,0.14098360655737704,0.21311475409836064,0.16065573770491803,0.15081967213114755,0.1180327868852459,0.19672131147540983,0.169378125,-0.4215,0.9209,0.7939770817756653,366,4354,11.896174863387978,2
p52,0.11261261261261261,0.8283582089552238,271,0.13284132841328414,0.092250923,0.2878228782287823,0.12546125461254612,0.15498154981549817,0.1033210332103321,0.1033210332103321,0.2611016949152542,-0.3919,0.9497,0.9120009541511536,706,3470,4.915014164305949,2
p53,0.11806543385490754,0.9094437257438551,308,0.061688312,0.19480519480519481,0.22077922077922077,0.1461038961038961,0.12012987012987013,0.071428571,0.18506493506493507,0.17760212765957448,-0.6174,0.9482,0.8093453049659729,372,3678,9.887096774193548,4
p55,0.12106537530266344,0.8622129436325678,189,0.037037037037037035,0.2222222222222222,0.164021164,0.164021164,0.12169312169312169,0.079365079,0.21164021164021163,0.18106250000000002,-0.3612,0.7506,0.7715303897857666,350,2189,6.2542857142857144,4
p56,0.14523809523809525,0.9012875536480687,357,0.1092436974789916,0.053221289,0.33613445378151263,0.12044817927170869,0.12324929971988796,0.089635854,0.16806722689075632,0.16463700787401575,-0.6901,0.9245,0.8429217338562012,520,4287,8.244230769,4
p57,0.055618615,0.9234800838574424,316,0.018987342,0.10126582278481013,0.20569620253164558,0.11075949367088607,0.14873417721518986,0.12974683544303797,0.2848101265822785,0.28567179487179484,-0.5574,0.9564,0.8478974103927612,391,4775,12.212276214833759,2
p58,0.038709677,0.840867993,173,0.034682081,0.086705202,0.2138728323699422,0.1907514450867052,0.15028901734104047,0.15028901734104047,0.17341040462427745,0.2299275,-0.3612,0.8478,0.8110308051109314,482,2408,4.995850622406639,4
p59,0.11738148984198646,0.8601941747572815,179,0.05027933,0.055865921787709494,0.36312849162011174,0.1340782122905028,0.1452513966480447,0.11173184357541899,0.13966480446927373,0.18971960784313724,-0.6249,0.8591,0.8331372141838074,383,2367,6.180156657963447,3
p6,0.066666667,0.9334485738980121,426,0.1431924882629108,0.072769953,0.19483568075117372,0.14788732394366197,0.11737089201877934,0.11971830985915492,0.20422535211267606,0.12050617283950617,-0.4019,0.8978,0.8139258623123169,392,5658,14.433673469387756,2
p60,0.10877513711151737,0.9342442356959864,439,0.025056947608200455,0.12300683371298406,0.28018223234624146,0.14123006833712984,0.1548974943052392,0.072892938,0.20273348519362186,0.24916833333333335,-0.7656,0.9603,0.8346294164657593,399,5765,14.448621553884712,1
p61,0,0.3902439024390244,18,0.16666666666666666,0.16666666666666666,0.16666666666666666,0.1111111111111111,0,0.1111111111111111,0.2777777777777778,0.411775,-0.3612,0.9432,0.8211241960525513,391,239,0.6112531969309463,3
p62,0.12453874538745388,0.9132266217354675,427,0.028103044,0.20140515222482436,0.24121779859484777,0.1053864168618267,0.15690866510538642,0.084309133,0.18266978922716628,0.4623838709677419,-0.1027,0.9516,0.8680412769317627,548,5536,10.102189781021897,4
p63,0.14352392065344224,0.8718209562563581,344,0.1511627906976744,0.075581395,0.29069767441860467,0.10174418604651163,0.15406976744186046,0.072674419,0.15406976744186046,0.2771081081081081,-0.6597,0.8885,0.762518048,668,4473,6.696107784431137,4
p64,0.099744246,0.9354066985645934,610,0.029508196721311476,0.22295081967213115,0.23114754098360657,0.16721311475409836,0.10655737704918032,0.075409836,0.16721311475409836,0.28618,-0.6133,0.9636,0.8811890482902527,556,7995,14.379496402877697,4
p65,0.1028169014084507,0.9287115761935906,549,0.11839708561020036,0.06557377,0.2768670309653916,0.15664845173041894,0.1111111111111111,0.0856102,0.18579234972677597,0.363825,-0.6487,0.9649,0.8683114647865295,570,7568,13.27719298245614,1
p66,0.067424858,0.8972303206997084,495,0.056565657,0.10909090909090909,0.19393939393939394,0.1414141414141414,0.15151515151515152,0.10909090909090909,0.2383838383838384,0.33037926829268294,-0.8887,0.9711,0.8879764676094055,698,6592,9.444126074498568,1
p67,0.070588235,0.9123434704830053,577,0.055459272,0.083188908,0.2564991334488735,0.14904679376083188,0.18890814558058924,0.095320624,0.17157712305025996,0.1885777777777778,-0.5423,0.8251,0.9336203336715698,759,8097,10.66798418972332,2
p69,0.094276094,0.8377997179125529,233,0.098712446,0.068669528,0.26180257510729615,0.1459227467811159,0.13304721030042918,0.10300429184549356,0.1888412017167382,0.293,-0.3988,0.9442,0.8751322031021118,569,3104,5.455184534,4
p7,0.066378066,0.8953488372093024,268,0.063432836,0.097014925,0.26492537313432835,0.1455223880597015,0.15298507462686567,0.11567164179104478,0.16044776119402984,0.14092,-0.6249,0.836,0.857047975,410,3589,8.753658536585366,2
p70,0.12828947368421054,0.8328767123287671,132,0.11363636363636363,0.11363636363636363,0.14393939393939395,0.13636363636363635,0.14393939393939395,0.075757576,0.2727272727272727,0.22498076923076923,-0.4019,0.866,0.8288488984107971,312,1621,5.195512821,0
p71,0.099557522,0.8709055876685935,190,0.11578947368421053,0.047368421,0.14736842105263157,0.16842105263157894,0.18421052631578946,0.068421053,0.26842105263157895,0.19364102564102564,-0.3905,0.8196,0.8189414143562317,353,2470,6.997167138810198,0
p72,0.14012738853503184,0.8219895287958116,129,0.21705426356589147,0.062015504,0.14728682170542637,0.16279069767441862,0.093023256,0.10077519379844961,0.21705426356589147,0.17116969696969697,-0.5859,0.8225,0.8114984035491943,363,1620,4.462809917355372,4
p73,0.072933549,0.8727015558698727,217,0.013824884792626729,0.10599078341013825,0.3225806451612903,0.12442396313364056,0.17050691244239632,0.078341014,0.18433179723502305,0.18346382978723405,-0.4215,0.9382,0.8239762783050537,481,3116,6.478170478170478,1
p74,0.04109589,0.8271954674220963,118,0.042372881,0.11016949152542373,0.1864406779661017,0.11864406779661017,0.17796610169491525,0.1271186440677966,0.23728813559322035,0.192736,-0.7635,0.8657,0.7677636742591858,312,1545,4.951923076923077,3
p76,0.073813708,0.8621212121212121,209,0.052631579,0.10047846889952153,0.32057416267942584,0.10526315789473684,0.13875598086124402,0.086124402,0.19617224880382775,0.1339588888888889,-0.3612,0.6369,0.8235266208648682,514,3039,5.912451361867705,3
p77,0.097152429,0.891044776,259,0.11196911196911197,0.088803089,0.14671814671814673,0.15057915057915058,0.19305019305019305,0.10810810810810811,0.20077220077220076,0.23183333333333334,-0.3612,0.9819,0.8401182889938354,392,3140,8.010204081632653,3
p78,0.050632911,0.8207792207792208,132,0.060606061,0.030303030303030304,0.25,0.17424242424242425,0.12121212121212122,0.12121212121212122,0.24242424242424243,0.045630303,-0.6705,0.7645,0.822250247,385,1727,4.485714285714286,0
p79,0.11319148936170213,0.8948971820258949,410,0.14634146341463414,0.065853659,0.2804878048780488,0.17560975609756097,0.087804878,0.1024390243902439,0.14146341463414633,0.09238371,-0.4215,0.9169,0.8496254086494446,813,5610,6.900369003690037,4
p8,0.12219101123595505,0.9070063694267516,333,0.21021021021021022,0.057057057057057055,0.12612612612612611,0.16516516516516516,0.099099099,0.11411411411411411,0.22822822822822822,0.293774359,-0.4767,0.8807,0.8231103420257568,377,3832,10.16445623342175,4
p80,0.085209003,0.8603042876901799,226,0.053097345,0.07079646,0.3230088495575221,0.17699115044247787,0.11946902654867257,0.088495575,0.168141593,0.16420568181818182,-0.772,0.9118,0.8406521081924438,560,3377,6.0303571428571425,1
p81,0.06431853,0.9171348314606742,241,0.087136929,0.087136929,0.2157676348547718,0.16597510373443983,0.17427385892116182,0.066390041,0.2033195020746888,0.2236074074074074,-0.8877,0.9048,0.7937667965888977,303,3409,11.250825082508252,2
p83,0.1323529411764706,0.8464730290456431,161,0.024844720496894408,0.2111801242236025,0.19254658385093168,0.11801242236024845,0.10559006211180125,0.11801242236024845,0.22981366459627328,0.22183181818181819,-0.4215,0.8439,0.7446336150169373,389,2159,5.5501285347043705,4
p84,0.083333333,0.9119555143651529,401,0.14962593516209477,0.11221945137157108,0.20947630922693267,0.11221945137157108,0.099750623,0.10224438902743142,0.2144638403990025,0.2747,-0.3612,0.9233,0.9010515809059143,512,5245,10.24414063,3
p85,0.10707803992740472,0.8879935535858179,457,0.041575492,0.072210066,0.30196936542669583,0.1838074398249453,0.1575492341356674,0.083150985,0.15973741794310722,0.4144489361702127,-0.5423,0.9732,0.8830755352973938,703,5660,8.051209103840684,2
p86,0.13581395348837208,0.9026028547439127,444,0.078828829,0.078828829,0.4009009009009009,0.13513513513513514,0.094594595,0.10810810810810811,0.1036036036036036,0.37261571428571433,-0.4703,0.8999,0.8940765857696533,601,5643,9.389351081530782,1
p89,0.10380116959064327,0.8758002560819462,321,0.1059190031152648,0.062305296,0.3302180685358255,0.11526479750778816,0.11214953271028037,0.087227414,0.18691588785046728,0.3431071428571429,-0.3612,0.9657,0.867562473,483,3576,7.403726708074534,2
pp1,0.068235294,0.8018867924528302,160,0.08125,0.10625,0.24375,0.15,0.0875,0.1,0.23125,0.3046037037037037,-0.6597,0.9473,0.889038086,543,2191,4.0349907918968695,2
pp10,0.12987012987012986,0.84,196,0.23979591836734693,0.071428571,0.11224489795918367,0.15816326530612246,0.081632653,0.10714285714285714,0.22959183673469388,0.29076875,0,0.9118,0.8937770128250122,447,2488,5.565995525727069,2
pp11,0.090909091,0.8428290766208252,197,0.14720812182741116,0.035532995,0.17258883248730963,0.15736040609137056,0.091370558,0.116751269,0.27918781725888325,0.18068,-0.5563,0.9222,0.8713549375534058,398,2335,5.866834170854271,0
pp12,0.061310782,0.8431372549019608,180,0.088888889,0.061111111,0.2222222222222222,0.2,0.18333333333333332,0.061111111,0.18333333333333332,0.43542857142857144,-0.0258,0.9733,0.851282537,434,2380,5.483870967741935,3
pp13,0.051851852,0.823170732,157,0.089171975,0.1464968152866242,0.12738853503184713,0.089171975,0.1910828025477707,0.1464968152866242,0.21019108280254778,0.23746923076923077,-0.0191,0.8307,0.8447468876838684,435,2147,4.935632183908046,3
pp14,0.092257002,0.8696275071633238,250,0.068,0.104,0.192,0.164,0.188,0.092,0.192,0.2796935483870968,-0.1027,0.9421,0.8960528373718262,477,3200,6.7085953878406706,3
pp15,0.13070725156669652,0.9178307313064914,490,0.15306122448979592,0.057142857,0.2530612244897959,0.12653061224489795,0.1346938775510204,0.069387755,0.20612244897959184,0.2686536231884058,-0.3087,0.9802,0.8915309309959412,534,5882,11.014981273408239,2
pp16,0.10315186246418338,0.9216549295774648,440,0.038636363636363635,0.16136363636363638,0.2,0.10909090909090909,0.1590909090909091,0.1,0.2318181818181818,0.2230725,-0.7172,0.9635,0.8305387496948242,452,5816,12.867256637168142,4
pp17,0.11044776119402985,0.916970803,389,0.15424164524421594,0.066838046,0.2159383033419023,0.14910025706940874,0.14395886889460155,0.10796915167095116,0.16195372750642673,0.2737604166666667,-0.7146,0.9639,0.8520282506942749,455,5121,11.254945054945056,2
pp20,0.10119047619047619,0.8129032258064516,239,0.13389121338912133,0.066945607,0.19246861924686193,0.1506276150627615,0.15481171548117154,0.09623431,0.20502092050209206,0.3043095238095238,0,0.9624,0.864642322,583,2846,4.8816466552315605,4
pp21,0.11586452762923351,0.8711180124223602,266,0.086466165,0.12406015037593984,0.24812030075187969,0.12781954887218044,0.16165413533834586,0.11654135338345864,0.13533834586466165,0.4743611111111112,-0.1531,0.9919,0.8457902669906616,415,2936,7.074698795180723,1
pp22,0.020050125313283207,0.905788876,287,0.027874564459930314,0.076655052,0.14982578397212543,0.14285714285714285,0.17421602787456447,0.10452961672473868,0.3240418118466899,0.18919375000000002,-0.765,0.7184,0.8650282621383667,405,4338,10.71111111111111,3
pp24,0.048717949,0.8210526315789474,165,0.006060606,0.11515151515151516,0.2,0.096969697,0.15757575757575756,0.11515151515151516,0.3090909090909091,0.28071666666666667,0,0.8542,0.8206559419631958,414,2142,5.173913043478261,0
pp25,0.12385321100917432,0.925035361,524,0.22137404580152673,0.070610687,0.16984732824427481,0.12595419847328243,0.1316793893129771,0.08778626,0.19274809160305342,0.23467101449275363,-0.4122,0.8841,0.8484451770782471,529,6745,12.75047258979206,4
pp27,0.08125,0.8488063660477454,277,0.11913357400722022,0.075812274,0.22382671480144403,0.11913357400722022,0.1407942238267148,0.064981949,0.2563176895306859,0.2084225,-0.8801,0.8074,0.904381275,619,3486,5.6316639741518575,0
pp29,0.10287081339712918,0.908695652,348,0.13793103448275862,0.07183908,0.20977011494252873,0.13793103448275862,0.1724137931034483,0.08908046,0.1810344827586207,0.3597435897435897,-0.7506,0.9136,0.8691331148147583,431,4322,10.02784222737819,3
pp3,0.087933248,0.9351740696278511,577,0.048526863,0.1559792027729636,0.3119584055459272,0.13518197573656845,0.11265164644714037,0.1195840554592721,0.11611785095320624,0.559174194,0,0.9981,0.8824406862258911,576,7980,13.854166666666666,1
pp30,0.030812325,0.7898230088495575,127,0.015748031496062992,0.062992126,0.18110236220472442,0.1968503937007874,0.1968503937007874,0.11023622047244094,0.23622047244094488,0.265415625,-0.6486,0.9359,0.8662497401237488,472,1889,4.002118644067797,0
pp31,0.094758065,0.9009990917347865,402,0.10696517412935323,0.049751244,0.2462686567164179,0.12189054726368159,0.1417910447761194,0.11691542288557213,0.21641791044776118,0.24027755102040815,-0.7512,0.9485,0.8850229978561401,580,5240,9.034482759,2
pp32,0.10694444444444444,0.8888888888888888,310,0.16774193548387098,0.1,0.21935483870967742,0.083870968,0.15161290322580645,0.054838709677419356,0.22258064516129034,0.35198846153846153,-0.5423,0.9843,0.8840591907501221,445,3727,8.375280898876404,0
pp33,0.073085847,0.9160467587672688,310,0.080645161,0.087096774,0.2064516129032258,0.18064516129032257,0.14838709677419354,0.077419355,0.21935483870967742,0.24984285714285717,-0.4782,0.902,0.8128145337104797,404,4556,11.277227722772277,1
pp34,0.11715089034676664,0.9198275862068965,441,0.11337868480725624,0.083900227,0.2857142857142857,0.12698412698412698,0.1383219954648526,0.083900227,0.16780045351473924,0.39671136363636367,-0.8085,0.9641,0.8902027010917664,539,5762,10.690166975881262,3
pp35,0.06833713,0.8409961685823755,183,0.11475409836065574,0.054644809,0.1912568306010929,0.15300546448087432,0.18032786885245902,0.10382513661202186,0.20218579234972678,0.26735217391304344,-0.5678,0.9255,0.8466325402259827,427,2320,5.433255269320843,0
pp37,0.047717842,0.8607142857142858,169,0.00591716,0.065088757,0.23076923076923078,0.15976331360946747,0.21893491124260356,0.071005917,0.2485207100591716,0.2850782608695652,0,0.9862,0.8268608450889587,386,2449,6.344559585492228,1
pp4,0.11904761904761904,0.9171686746987951,503,0.06361829,0.14314115308151093,0.21073558648111332,0.10139165009940358,0.1272365805168986,0.089463221,0.2644135188866799,0.3443428571428572,-0.7884,0.9527,0.8830811381340027,565,6604,11.68849557522124,4
pp42,0.045088567,0.828,233,0.068669528,0.098712446,0.19313304721030042,0.14163090128755365,0.19742489270386265,0.081545064,0.21888412017167383,0.18337499999999998,-0.4939,0.8516,0.9179383516311646,672,3248,4.833333333333333,3
pp43,0.11049723756906077,0.7463917525773196,153,0.091503268,0.20261437908496732,0.23529411764705882,0.1437908496732026,0.098039216,0.08496732,0.1437908496732026,0.2448,-0.7269,0.899,0.8310084342956543,634,1932,3.047318611987382,4
pp44,0.10251256281407035,0.8766519823788547,431,0.1902552204176334,0.053364269,0.15777262180974477,0.11136890951276102,0.1345707656612529,0.12993039443155452,0.22273781902552203,0.1996975,-0.6597,0.9617,0.9184836745262146,709,5506,7.765867418899859,2
pp45,0.057575758,0.8753315649867374,238,0.004201681,0.10084033613445378,0.2773109243697479,0.17647058823529413,0.1134453781512605,0.096638655,0.23109243697478993,0.27876551724137927,-0.7534,0.8462,0.8643960356712341,456,3598,7.890350877192983,1
pp47,0.10355029585798817,0.7412280701754386,152,0.18421052631578946,0.032894737,0.13815789473684212,0.14473684210526316,0.15789473684210525,0.1118421052631579,0.23026315789473684,0.23514210526315787,-0.3612,0.8885,0.8874013423919678,573,1877,3.275741710296684,0
pp48,0.089201878,0.7332185886402753,164,0.097560976,0.073170732,0.31097560975609756,0.14634146341463414,0.12804878048780488,0.079268293,0.16463414634146342,0.23507333333333333,-0.4019,0.8387,0.9215884208679199,797,2157,2.7063989962358845,1
pp49,0.045638945,0.891500904,344,0.069767442,0.098837209,0.2238372093023256,0.14534883720930233,0.13372093023255813,0.084302326,0.2441860465116279,0.16319384615384616,-0.7473,0.8754,0.8675329685211182,605,5242,8.664462809917355,0
pp5,0.060483871,0.8336134453781513,192,0.140625,0.083333333,0.15104166666666666,0.15104166666666666,0.098958333,0.09375,0.28125,0.28445588235294117,0,0.8437,0.9101104140281677,511,2611,5.109589041095891,3
pp50,0.066157761,0.8590163934426229,266,0.086466165,0.090225564,0.19924812030075187,0.14285714285714285,0.13157894736842105,0.11278195488721804,0.23684210526315788,0.22405799999999998,-0.3182,0.9349,0.8340480923652649,639,4098,6.413145539906103,1
pp52,0.093053735,0.8621468926553673,281,0.10676156583629894,0.056939502,0.298932384,0.1708185053380783,0.15302491103202848,0.088967972,0.12455516014234876,0.24407241379310346,-0.5095,0.7964,0.8834206461906433,650,3991,6.14,3
pp53,0.071713147,0.7191977077363897,110,0.1,0.14545454545454545,0.23636363636363636,0.14545454545454545,0.15454545454545454,0.13636363636363635,0.081818182,0.25291470588235293,-0.4201,0.8925,0.8553216457366943,500,1263,2.526,4
pp55,0.1023454157782516,0.8574040219378428,201,0.07960199,0.049751244,0.263681592,0.15920398009950248,0.14427860696517414,0.10945273631840796,0.19402985074626866,0.27421851851851853,-0.7184,0.8545,0.8956028819084167,382,2553,6.683246073298429,2
pp56,0.1083844580777096,0.8519163763066202,224,0.16964285714285715,0.12053571428571429,0.18303571428571427,0.09375,0.11160714285714286,0.13839285714285715,0.18303571428571427,0.27506764705882353,-0.128,0.9075,0.8590462803840637,431,2638,6.120649651972157,0
pp57,0.058510638,0.9060240963855422,273,0.095238095,0.080586081,0.15018315018315018,0.12454212454212454,0.1794871794871795,0.12454212454212454,0.2454212454212454,0.278508,-0.2366,0.9637,0.8654991388320923,409,3966,9.696821516,0
pp58,0.043478260869565216,0.8563829787234043,193,0.093264249,0.10362694300518134,0.16580310880829016,0.14507772020725387,0.16062176165803108,0.098445596,0.23316062176165803,0.18102820512820514,-0.296,0.7264,0.8283305764198303,410,2644,6.4487804878048784,2
pp59,0.11560693641618497,0.8952134540750324,270,0.02962963,0.13333333333333333,0.35555555555555557,0.17037037037037037,0.14074074074074075,0.088888889,0.081481481,0.45733,-0.6597,0.9855,0.8645753264427185,416,3646,8.764423076923077,2
pp6,0.044954128440366975,0.9308283518360376,447,0.067114094,0.060402685,0.21700223713646533,0.13870246085011187,0.1319910514541387,0.1342281879194631,0.2505592841163311,0.1481952380952381,-0.4588,0.8555,0.8436099290847778,406,5934,14.61576354679803,2
pp60,0.077526132,0.9295546558704454,482,0.082987552,0.087136929,0.22199170124481327,0.14107883817427386,0.13070539419087138,0.097510373,0.23858921161825727,0.26358507462686565,-0.4588,0.9699,0.8375624418258667,443,6206,14.009029345372461,3
pp61,0.04664723,0.7795454545454545,130,0.038461538461538464,0.2,0.13846153846153847,0.17692307692307693,0.18461538461538463,0.061538462,0.2,0.17594117647058824,-0.3612,0.7893,0.9256885647773743,512,1810,3.53515625,2
pp62,0.10837438423645321,0.9022222222222223,330,0.13636363636363635,0.054545455,0.21212121212121213,0.13636363636363635,0.16363636363636364,0.11212121212121212,0.18484848484848485,0.17523116883116885,-0.6478,0.9001,0.8444828987121582,444,4159,9.367117117117116,4
pp63,0.11341632088520055,0.8485915492957746,303,0.1848184818481848,0.069306931,0.22772277227722773,0.095709571,0.1353135313531353,0.082508251,0.20462046204620463,0.3132095238095238,-0.2299,0.8979,0.9046417474746704,673,3818,5.673105497771174,3
pp64,0.1075353218210361,0.914572864,485,0.15876288659793814,0.098969072,0.26597938144329897,0.1402061855670103,0.082474227,0.068041237,0.18556701030927836,0.2334257142857143,-0.395,0.9543,0.8711650371551514,592,6562,11.08445945945946,4
pp65,0.049511855,0.9215938303341902,489,0.065439673,0.069529652,0.24948875255623723,0.163599182,0.14519427402862986,0.10020449897750511,0.2065439672801636,0.2602448979591837,-0.5859,0.9702,0.9149651527404785,606,7680,12.673267326732674,2
pp66,0.083142639,0.9265017667844523,506,0.1007905138339921,0.067193676,0.15810276679841898,0.14031620553359683,0.14031620553359683,0.10474308300395258,0.2885375494071146,0.34908214285714284,-0.3818,0.9312,0.8570572137832642,522,7066,13.53639846743295,3
pp67,0.066666667,0.9227614490772386,515,0.040776699029126215,0.075728155,0.287378641,0.1378640776699029,0.19805825242718447,0.077669903,0.1825242718446602,0.2600876543209876,-0.5499,0.9823,0.9217931032180786,579,7098,12.259067357512953,2
pp69,0.1144927536231884,0.8701134930643127,293,0.023890784982935155,0.15358361774744028,0.25597269624573377,0.13993174061433447,0.18771331058020477,0.068259386,0.17064846416382254,0.2831923076923077,-0.1761,0.9709,0.9009942412376404,536,3716,6.932835820895522,3
pp7,0.0562249,0.8814159292035398,210,0.09047619,0.1,0.21428571428571427,0.066666667,0.14761904761904762,0.13333333333333333,0.24761904761904763,0.154532,-0.6801,0.9407,0.8279775977134705,342,2642,7.7251461988304095,2
pp70,0.076320939,0.8631756756756757,182,0.054945054945054944,0.1813186813186813,0.19230769230769232,0.16483516483516483,0.1043956043956044,0.082417582,0.21978021978021978,0.27077586206896553,-0.296,0.9382,0.7996963858604431,410,2650,6.463414634146342,1
pp71,0.072761194,0.8631239935587761,221,0.085972851,0.081447964,0.1583710407239819,0.14479638009049775,0.17647058823529413,0.085972851,0.2669683257918552,0.2012025,-0.4005,0.8779,0.8385310173034668,417,2955,7.086330935251799,0
pp72,0.088062622,0.8588235294117647,210,0.09047619,0.11904761904761904,0.19047619047619047,0.13333333333333333,0.1380952380952381,0.10952380952380952,0.21904761904761905,0.1635516129032258,-0.707,0.8924,0.8215988278388977,418,2711,6.485645933014354,4
pp73,0.058015267,0.8887381275440976,237,0.012658227848101266,0.10548523206751055,0.24050632911392406,0.2109704641350211,0.17721518987341772,0.088607595,0.16455696202531644,0.268028125,-0.3937,0.9433,0.8119312524795532,412,3354,8.140776699029127,3
pp74,0.077348066,0.8264840182648402,153,0.013071895424836602,0.1503267973856209,0.21568627450980393,0.20261437908496732,0.098039216,0.098039216,0.2222222222222222,0.2187,-0.3612,0.8481,0.7874441742897034,391,1931,4.938618925831202,4
pp76,0.054409005628517824,0.8638573743922204,207,0.028985507246376812,0.072463768,0.25120772946859904,0.1497584541062802,0.17391304347826086,0.09178744,0.2318840579710145,0.2072,-0.2415,0.9594,0.8465969562530518,431,2860,6.635730858468677,0
pp77,0.092369478,0.8645833333333334,185,0.14054054054054055,0.091891892,0.13513513513513514,0.15135135135135136,0.1783783783783784,0.075675676,0.22702702702702704,0.2451381818181818,-0.296,0.8313,0.825335681,391,2625,6.713554987212277,0
pp78,0.037593985,0.7556818181818182,103,0.038834951456310676,0.067961165,0.27184466019417475,0.13592233009708737,0.13592233009708737,0.11650485436893204,0.23300970873786409,0.13673030303030304,-0.3612,0.9393,0.8581038117408752,440,1433,3.256818181818182,2
pp79,0.096938776,0.9107806691449815,363,0.1184573002754821,0.049586776859504134,0.25068870523415976,0.11019283746556474,0.11570247933884298,0.15426997245179064,0.20110192837465565,0.234,-0.296,0.9349,0.8487476110458374,483,5196,10.75776397515528,2
pp8,0.028694404591104734,0.8856416772554002,273,0.13186813186813187,0.058608059,0.1684981684981685,0.15384615384615385,0.16117216117216118,0.1391941391941392,0.18681318681318682,0.24523863636363635,-0.5934,0.9549,0.8804870843887329,458,3583,7.823144104803493,1
pp80,0.064220183,0.836852207,172,0.052325581,0.087209302,0.2441860465116279,0.1686046511627907,0.10465116279069768,0.10465116279069768,0.23837209302325582,0.1613514705882353,-0.6321,0.937,0.8624330163002014,455,2411,5.298901098901099,0
pp81,0.048342541,0.905,254,0.043307087,0.07480315,0.18503937007874016,0.2047244094488189,0.15748031496062992,0.11811023622047244,0.21653543307086615,0.27994893617021277,-0.2168,0.925,0.84803015,380,3828,10.073684210526316,0
pp83,0.15347721822541965,0.8128654970760234,190,0.1631578947368421,0.057894737,0.23157894736842105,0.1,0.094736842,0.13157894736842105,0.22105263157894736,0.20852978723404256,-0.3384,0.9042,0.8782395720481873,492,2258,4.5894308943089435,4
pp84,0.082920792,0.9088863892013498,324,0.12037037037037036,0.061728395,0.24691358024691357,0.086419753,0.1419753086419753,0.095679012,0.24691358024691357,0.3400711111111111,-0.5719,0.9581,0.8198978304862976,408,4363,10.693627450980392,3
pp85,0.13796296296296295,0.8903544929925804,471,0.095541401,0.072186837,0.28662420382165604,0.1613588110403397,0.15711252653927812,0.067940552,0.1592356687898089,0.3848440677966102,0,0.9948,0.8587502241134644,690,5728,8.301449275,1
pp86,0.079802956,0.8864628820960698,419,0.11933174224343675,0.12410501193317422,0.27684964200477324,0.13126491646778043,0.14797136038186157,0.062052506,0.13842482100238662,0.21553863636363638,-0.6369,0.8934,0.930603564,663,5191,7.829562594268476,2
pp89,0.092940125,0.9038772213247173,461,0.10845986984815618,0.078091106,0.25379609544468545,0.16919739696312364,0.12147505422993492,0.091106291,0.17787418655097614,0.3244704918032787,-0.2732,0.8684,0.8799945116043091,606,5688,9.386138613861386,2
